<?xml version="1.0" encoding="UTF-8"?>
<metadata xml:lang="zh"><Esri><CreaDate>20161209</CreaDate><CreaTime>11195800</CreaTime><ArcGISFormat>1.0</ArcGISFormat><SyncOnce>FALSE</SyncOnce><DataProperties><itemProps><itemName Sync="TRUE">bb</itemName><imsContentType Sync="TRUE">002</imsContentType><itemLocation><linkage Sync="TRUE">file://\\PC-20161116PEHR\C\Users\Administrator\Desktop\9庆富村\新建文件地理数据库.gdb</linkage><protocol Sync="TRUE">Local Area Network</protocol></itemLocation></itemProps><coordRef><type Sync="TRUE">Projected</type><geogcsn Sync="TRUE">GCS_China_Geodetic_Coordinate_System_2000</geogcsn><csUnits Sync="TRUE">Linear Unit: Meter (1.000000)</csUnits><projcsn Sync="TRUE">CGCS_2000_Albers</projcsn><peXml Sync="TRUE">&lt;ProjectedCoordinateSystem xsi:type='typens:ProjectedCoordinateSystem' xmlns:xsi='http://www.w3.org/2001/XMLSchema-instance' xmlns:xs='http://www.w3.org/2001/XMLSchema' xmlns:typens='http://www.esri.com/schemas/ArcGIS/10.1'&gt;&lt;WKT&gt;PROJCS[&amp;quot;CGCS_2000_Albers&amp;quot;,GEOGCS[&amp;quot;GCS_China_Geodetic_Coordinate_System_2000&amp;quot;,DATUM[&amp;quot;D_China_2000&amp;quot;,SPHEROID[&amp;quot;CGCS2000&amp;quot;,6378137.0,298.257222101]],PRIMEM[&amp;quot;Greenwich&amp;quot;,0.0],UNIT[&amp;quot;Degree&amp;quot;,0.0174532925199433]],PROJECTION[&amp;quot;Albers&amp;quot;],PARAMETER[&amp;quot;False_Easting&amp;quot;,0.0],PARAMETER[&amp;quot;False_Northing&amp;quot;,0.0],PARAMETER[&amp;quot;Central_Meridian&amp;quot;,105.0],PARAMETER[&amp;quot;Standard_Parallel_1&amp;quot;,25.0],PARAMETER[&amp;quot;Standard_Parallel_2&amp;quot;,47.0],PARAMETER[&amp;quot;Latitude_Of_Origin&amp;quot;,0.0],UNIT[&amp;quot;Meter&amp;quot;,1.0]]&lt;/WKT&gt;&lt;XOrigin&gt;-17330600&lt;/XOrigin&gt;&lt;YOrigin&gt;-4694200&lt;/YOrigin&gt;&lt;XYScale&gt;10000&lt;/XYScale&gt;&lt;ZOrigin&gt;-100000&lt;/ZOrigin&gt;&lt;ZScale&gt;10000&lt;/ZScale&gt;&lt;MOrigin&gt;-100000&lt;/MOrigin&gt;&lt;MScale&gt;10000&lt;/MScale&gt;&lt;XYTolerance&gt;0.001&lt;/XYTolerance&gt;&lt;ZTolerance&gt;0.001&lt;/ZTolerance&gt;&lt;MTolerance&gt;0.001&lt;/MTolerance&gt;&lt;HighPrecision&gt;true&lt;/HighPrecision&gt;&lt;/ProjectedCoordinateSystem&gt;</peXml></coordRef><lineage><Process ToolSource="c:\program files (x86)\arcgis\desktop10.1\ArcToolbox\Toolboxes\Conversion Tools.tbx\FeatureClassToFeatureClass" Date="20161209" Time="083640">FeatureClassToFeatureClass 庆富村 C:\Users\Administrator\Desktop\9庆富村\新建文件地理数据库.gdb\aa bb # "DSMC "DSMC" true true false 30 Text 0 0 ,First,#,C:\Users\Administrator\Desktop\9庆富村\庆富村(1).shp,DSMC,-1,-1;QXMC "QXMC" true true false 30 Text 0 0 ,First,#,C:\Users\Administrator\Desktop\9庆富村\庆富村(1).shp,QXMC,-1,-1;XZMC "XZMC" true true false 30 Text 0 0 ,First,#,C:\Users\Administrator\Desktop\9庆富村\庆富村(1).shp,XZMC,-1,-1;CUNMC "CUNMC" true true false 30 Text 0 0 ,First,#,C:\Users\Administrator\Desktop\9庆富村\庆富村(1).shp,CUNMC,-1,-1;CUNDM "CUNDM" true true false 12 Text 0 0 ,First,#,C:\Users\Administrator\Desktop\9庆富村\庆富村(1).shp,CUNDM,-1,-1;GCUNDM "GCUNDM" true true false 12 Text 0 0 ,First,#,C:\Users\Administrator\Desktop\9庆富村\庆富村(1).shp,GCUNDM,-1,-1;TBLXDM "TBLXDM" true true false 4 Text 0 0 ,First,#,C:\Users\Administrator\Desktop\9庆富村\庆富村(1).shp,TBLXDM,-1,-1;TBLXMC "TBLXMC" true true false 12 Text 0 0 ,First,#,C:\Users\Administrator\Desktop\9庆富村\庆富村(1).shp,TBLXMC,-1,-1;SFYF "SFYF" true true false 2 Text 0 0 ,First,#,C:\Users\Administrator\Desktop\9庆富村\庆富村(1).shp,SFYF,-1,-1;YFBH "YFBH" true true false 2 Text 0 0 ,First,#,C:\Users\Administrator\Desktop\9庆富村\庆富村(1).shp,YFBH,-1,-1;YFDKBH "YFDKBH" true true false 4 Text 0 0 ,First,#,C:\Users\Administrator\Desktop\9庆富村\庆富村(1).shp,YFDKBH,-1,-1;XZB "XZB" true true false 19 Double 8 18 ,First,#,C:\Users\Administrator\Desktop\9庆富村\庆富村(1).shp,XZB,-1,-1;YZB "YZB" true true false 19 Double 8 18 ,First,#,C:\Users\Administrator\Desktop\9庆富村\庆富村(1).shp,YZB,-1,-1;TBMJ "TBMJ" true true false 19 Double 2 18 ,First,#,C:\Users\Administrator\Desktop\9庆富村\庆富村(1).shp,TBMJ,-1,-1;QZW "QZW" true true false 8 Text 0 0 ,First,#,C:\Users\Administrator\Desktop\9庆富村\庆富村(1).shp,QZW,-1,-1;QZWMJ "QZWMJ" true true false 19 Double 2 18 ,First,#,C:\Users\Administrator\Desktop\9庆富村\庆富村(1).shp,QZWMJ,-1,-1;QCYZW "QCYZW" true true false 8 Text 0 0 ,First,#,C:\Users\Administrator\Desktop\9庆富村\庆富村(1).shp,QCYZW,-1,-1;QCYZWMJ "QCYZWMJ" true true false 19 Double 2 18 ,First,#,C:\Users\Administrator\Desktop\9庆富村\庆富村(1).shp,QCYZWMJ,-1,-1;CBZW "CBZW" true true false 8 Text 0 0 ,First,#,C:\Users\Administrator\Desktop\9庆富村\庆富村(1).shp,CBZW,-1,-1;CBZWMJ "CBZWMJ" true true false 19 Double 2 18 ,First,#,C:\Users\Administrator\Desktop\9庆富村\庆富村(1).shp,CBZWMJ,-1,-1;CCYZW "CCYZW" true true false 8 Text 0 0 ,First,#,C:\Users\Administrator\Desktop\9庆富村\庆富村(1).shp,CCYZW,-1,-1;CCYZWMJ "CCYZWMJ" true true false 19 Double 2 18 ,First,#,C:\Users\Administrator\Desktop\9庆富村\庆富村(1).shp,CCYZWMJ,-1,-1;XBZW "XBZW" true true false 8 Text 0 0 ,First,#,C:\Users\Administrator\Desktop\9庆富村\庆富村(1).shp,XBZW,-1,-1;XBZWMJ "XBZWMJ" true true false 19 Double 2 18 ,First,#,C:\Users\Administrator\Desktop\9庆富村\庆富村(1).shp,XBZWMJ,-1,-1;XCYZW "XCYZW" true true false 8 Text 0 0 ,First,#,C:\Users\Administrator\Desktop\9庆富村\庆富村(1).shp,XCYZW,-1,-1;XCYZWMJ "XCYZWMJ" true true false 19 Double 2 18 ,First,#,C:\Users\Administrator\Desktop\9庆富村\庆富村(1).shp,XCYZWMJ,-1,-1;SNYD "SNYD" true true false 12 Text 0 0 ,First,#,C:\Users\Administrator\Desktop\9庆富村\庆富村(1).shp,SNYD,-1,-1;SNFZCS "SNFZCS" true true false 2 Short 0 2 ,First,#,C:\Users\Administrator\Desktop\9庆富村\庆富村(1).shp,SNFZCS,-1,-1;SNZWMC "SNZWMC" true true false 12 Text 0 0 ,First,#,C:\Users\Administrator\Desktop\9庆富村\庆富村(1).shp,SNZWMC,-1,-1;SNZWMJ "SNZWMJ" true true false 19 Double 2 18 ,First,#,C:\Users\Administrator\Desktop\9庆富村\庆富村(1).shp,SNZWMJ,-1,-1;JCYX "JCYX" true true false 1 Short 0 1 ,First,#,C:\Users\Administrator\Desktop\9庆富村\庆富村(1).shp,JCYX,-1,-1;NHXM "NHXM" true true false 20 Text 0 0 ,First,#,C:\Users\Administrator\Desktop\9庆富村\庆富村(1).shp,NHXM,-1,-1;BZ "BZ" true true false 100 Text 0 0 ,First,#,C:\Users\Administrator\Desktop\9庆富村\庆富村(1).shp,BZ,-1,-1" #</Process></lineage></DataProperties><SyncDate>20161209</SyncDate><SyncTime>08363900</SyncTime><ModDate>20161209</ModDate><ModTime>08363900</ModTime></Esri><dataIdInfo><envirDesc Sync="TRUE">Microsoft Windows 7 Version 6.1 (Build 7601) Service Pack 1; Esri ArcGIS 10.1.0.3035</envirDesc><dataLang><languageCode value="zho" Sync="TRUE"></languageCode><countryCode value="CHN" Sync="TRUE"></countryCode></dataLang><idCitation><resTitle Sync="TRUE">bb</resTitle><presForm><PresFormCd value="005" Sync="TRUE"></PresFormCd></presForm></idCitation><spatRpType><SpatRepTypCd value="001" Sync="TRUE"></SpatRepTypCd></spatRpType></dataIdInfo><mdLang><languageCode value="zho" Sync="TRUE"></languageCode><countryCode value="CHN" Sync="TRUE"></countryCode></mdLang><distInfo><distFormat><formatName Sync="TRUE">文件地理数据库要素类</formatName></distFormat></distInfo><mdHrLv><ScopeCd value="005" Sync="TRUE"></ScopeCd></mdHrLv><mdHrLvName Sync="TRUE">dataset</mdHrLvName><refSysInfo><RefSystem><refSysID><identCode code="0" Sync="TRUE"></identCode></refSysID></RefSystem></refSysInfo><spatRepInfo><VectSpatRep><geometObjs Name="bb"><geoObjTyp><GeoObjTypCd value="002" Sync="TRUE"></GeoObjTypCd></geoObjTyp><geoObjCnt Sync="TRUE">0</geoObjCnt></geometObjs><topLvl><TopoLevCd value="001" Sync="TRUE"></TopoLevCd></topLvl></VectSpatRep></spatRepInfo><spdoinfo><ptvctinf><esriterm Name="bb"><efeatyp Sync="TRUE">Simple</efeatyp><efeageom code="4" Sync="TRUE"></efeageom><esritopo Sync="TRUE">FALSE</esritopo><efeacnt Sync="TRUE">0</efeacnt><spindex Sync="TRUE">TRUE</spindex><linrefer Sync="TRUE">FALSE</linrefer></esriterm></ptvctinf></spdoinfo><eainfo><detailed Name="bb"><enttyp><enttypl Sync="TRUE">bb</enttypl><enttypt Sync="TRUE">Feature Class</enttypt><enttypc Sync="TRUE">0</enttypc></enttyp><attr><attrlabl Sync="TRUE">OBJECTID</attrlabl><attalias Sync="TRUE">OBJECTID</attalias><attrtype Sync="TRUE">OID</attrtype><attwidth Sync="TRUE">4</attwidth><atprecis Sync="TRUE">0</atprecis><attscale Sync="TRUE">0</attscale><attrdef Sync="TRUE">Internal feature number.</attrdef><attrdefs Sync="TRUE">Esri</attrdefs><attrdomv><udom Sync="TRUE">Sequential unique whole numbers that are automatically generated.</udom></attrdomv></attr><attr><attrlabl Sync="TRUE">Shape</attrlabl><attalias Sync="TRUE">Shape</attalias><attrtype Sync="TRUE">Geometry</attrtype><attwidth Sync="TRUE">0</attwidth><atprecis Sync="TRUE">0</atprecis><attscale Sync="TRUE">0</attscale><attrdef Sync="TRUE">Feature geometry.</attrdef><attrdefs Sync="TRUE">Esri</attrdefs><attrdomv><udom Sync="TRUE">Coordinates defining the features.</udom></attrdomv></attr><attr><attrlabl Sync="TRUE">DSMC</attrlabl><attalias Sync="TRUE">DSMC</attalias><attrtype Sync="TRUE">String</attrtype><attwidth Sync="TRUE">30</attwidth><atprecis Sync="TRUE">0</atprecis><attscale Sync="TRUE">0</attscale></attr><attr><attrlabl Sync="TRUE">QXMC</attrlabl><attalias Sync="TRUE">QXMC</attalias><attrtype Sync="TRUE">String</attrtype><attwidth Sync="TRUE">30</attwidth><atprecis Sync="TRUE">0</atprecis><attscale Sync="TRUE">0</attscale></attr><attr><attrlabl Sync="TRUE">XZMC</attrlabl><attalias Sync="TRUE">XZMC</attalias><attrtype Sync="TRUE">String</attrtype><attwidth Sync="TRUE">30</attwidth><atprecis Sync="TRUE">0</atprecis><attscale Sync="TRUE">0</attscale></attr><attr><attrlabl Sync="TRUE">CUNMC</attrlabl><attalias Sync="TRUE">CUNMC</attalias><attrtype Sync="TRUE">String</attrtype><attwidth Sync="TRUE">30</attwidth><atprecis Sync="TRUE">0</atprecis><attscale Sync="TRUE">0</attscale></attr><attr><attrlabl Sync="TRUE">CUNDM</attrlabl><attalias Sync="TRUE">CUNDM</attalias><attrtype Sync="TRUE">String</attrtype><attwidth Sync="TRUE">12</attwidth><atprecis Sync="TRUE">0</atprecis><attscale Sync="TRUE">0</attscale></attr><attr><attrlabl Sync="TRUE">GCUNDM</attrlabl><attalias Sync="TRUE">GCUNDM</attalias><attrtype Sync="TRUE">String</attrtype><attwidth Sync="TRUE">12</attwidth><atprecis Sync="TRUE">0</atprecis><attscale Sync="TRUE">0</attscale></attr><attr><attrlabl Sync="TRUE">TBLXDM</attrlabl><attalias Sync="TRUE">TBLXDM</attalias><attrtype Sync="TRUE">String</attrtype><attwidth Sync="TRUE">4</attwidth><atprecis Sync="TRUE">0</atprecis><attscale Sync="TRUE">0</attscale></attr><attr><attrlabl Sync="TRUE">TBLXMC</attrlabl><attalias Sync="TRUE">TBLXMC</attalias><attrtype Sync="TRUE">String</attrtype><attwidth Sync="TRUE">12</attwidth><atprecis Sync="TRUE">0</atprecis><attscale Sync="TRUE">0</attscale></attr><attr><attrlabl Sync="TRUE">SFYF</attrlabl><attalias Sync="TRUE">SFYF</attalias><attrtype Sync="TRUE">String</attrtype><attwidth Sync="TRUE">2</attwidth><atprecis Sync="TRUE">0</atprecis><attscale Sync="TRUE">0</attscale></attr><attr><attrlabl Sync="TRUE">YFBH</attrlabl><attalias Sync="TRUE">YFBH</attalias><attrtype Sync="TRUE">String</attrtype><attwidth Sync="TRUE">2</attwidth><atprecis Sync="TRUE">0</atprecis><attscale Sync="TRUE">0</attscale></attr><attr><attrlabl Sync="TRUE">YFDKBH</attrlabl><attalias Sync="TRUE">YFDKBH</attalias><attrtype Sync="TRUE">String</attrtype><attwidth Sync="TRUE">4</attwidth><atprecis Sync="TRUE">0</atprecis><attscale Sync="TRUE">0</attscale></attr><attr><attrlabl Sync="TRUE">XZB</attrlabl><attalias Sync="TRUE">XZB</attalias><attrtype Sync="TRUE">Double</attrtype><attwidth Sync="TRUE">8</attwidth><atprecis Sync="TRUE">0</atprecis><attscale Sync="TRUE">0</attscale></attr><attr><attrlabl Sync="TRUE">YZB</attrlabl><attalias Sync="TRUE">YZB</attalias><attrtype Sync="TRUE">Double</attrtype><attwidth Sync="TRUE">8</attwidth><atprecis Sync="TRUE">0</atprecis><attscale Sync="TRUE">0</attscale></attr><attr><attrlabl Sync="TRUE">TBMJ</attrlabl><attalias Sync="TRUE">TBMJ</attalias><attrtype Sync="TRUE">Double</attrtype><attwidth Sync="TRUE">8</attwidth><atprecis Sync="TRUE">0</atprecis><attscale Sync="TRUE">0</attscale></attr><attr><attrlabl Sync="TRUE">QZW</attrlabl><attalias Sync="TRUE">QZW</attalias><attrtype Sync="TRUE">String</attrtype><attwidth Sync="TRUE">8</attwidth><atprecis Sync="TRUE">0</atprecis><attscale Sync="TRUE">0</attscale></attr><attr><attrlabl Sync="TRUE">QZWMJ</attrlabl><attalias Sync="TRUE">QZWMJ</attalias><attrtype Sync="TRUE">Double</attrtype><attwidth Sync="TRUE">8</attwidth><atprecis Sync="TRUE">0</atprecis><attscale Sync="TRUE">0</attscale></attr><attr><attrlabl Sync="TRUE">QCYZW</attrlabl><attalias Sync="TRUE">QCYZW</attalias><attrtype Sync="TRUE">String</attrtype><attwidth Sync="TRUE">8</attwidth><atprecis Sync="TRUE">0</atprecis><attscale Sync="TRUE">0</attscale></attr><attr><attrlabl Sync="TRUE">QCYZWMJ</attrlabl><attalias Sync="TRUE">QCYZWMJ</attalias><attrtype Sync="TRUE">Double</attrtype><attwidth Sync="TRUE">8</attwidth><atprecis Sync="TRUE">0</atprecis><attscale Sync="TRUE">0</attscale></attr><attr><attrlabl Sync="TRUE">CBZW</attrlabl><attalias Sync="TRUE">CBZW</attalias><attrtype Sync="TRUE">String</attrtype><attwidth Sync="TRUE">8</attwidth><atprecis Sync="TRUE">0</atprecis><attscale Sync="TRUE">0</attscale></attr><attr><attrlabl Sync="TRUE">CBZWMJ</attrlabl><attalias Sync="TRUE">CBZWMJ</attalias><attrtype Sync="TRUE">Double</attrtype><attwidth Sync="TRUE">8</attwidth><atprecis Sync="TRUE">0</atprecis><attscale Sync="TRUE">0</attscale></attr><attr><attrlabl Sync="TRUE">CCYZW</attrlabl><attalias Sync="TRUE">CCYZW</attalias><attrtype Sync="TRUE">String</attrtype><attwidth Sync="TRUE">8</attwidth><atprecis Sync="TRUE">0</atprecis><attscale Sync="TRUE">0</attscale></attr><attr><attrlabl Sync="TRUE">CCYZWMJ</attrlabl><attalias Sync="TRUE">CCYZWMJ</attalias><attrtype Sync="TRUE">Double</attrtype><attwidth Sync="TRUE">8</attwidth><atprecis Sync="TRUE">0</atprecis><attscale Sync="TRUE">0</attscale></attr><attr><attrlabl Sync="TRUE">XBZW</attrlabl><attalias Sync="TRUE">XBZW</attalias><attrtype Sync="TRUE">String</attrtype><attwidth Sync="TRUE">8</attwidth><atprecis Sync="TRUE">0</atprecis><attscale Sync="TRUE">0</attscale></attr><attr><attrlabl Sync="TRUE">XBZWMJ</attrlabl><attalias Sync="TRUE">XBZWMJ</attalias><attrtype Sync="TRUE">Double</attrtype><attwidth Sync="TRUE">8</attwidth><atprecis Sync="TRUE">0</atprecis><attscale Sync="TRUE">0</attscale></attr><attr><attrlabl Sync="TRUE">XCYZW</attrlabl><attalias Sync="TRUE">XCYZW</attalias><attrtype Sync="TRUE">String</attrtype><attwidth Sync="TRUE">8</attwidth><atprecis Sync="TRUE">0</atprecis><attscale Sync="TRUE">0</attscale></attr><attr><attrlabl Sync="TRUE">XCYZWMJ</attrlabl><attalias Sync="TRUE">XCYZWMJ</attalias><attrtype Sync="TRUE">Double</attrtype><attwidth Sync="TRUE">8</attwidth><atprecis Sync="TRUE">0</atprecis><attscale Sync="TRUE">0</attscale></attr><attr><attrlabl Sync="TRUE">SNYD</attrlabl><attalias Sync="TRUE">SNYD</attalias><attrtype Sync="TRUE">String</attrtype><attwidth Sync="TRUE">12</attwidth><atprecis Sync="TRUE">0</atprecis><attscale Sync="TRUE">0</attscale></attr><attr><attrlabl Sync="TRUE">SNFZCS</attrlabl><attalias Sync="TRUE">SNFZCS</attalias><attrtype Sync="TRUE">SmallInteger</attrtype><attwidth Sync="TRUE">2</attwidth><atprecis Sync="TRUE">0</atprecis><attscale Sync="TRUE">0</attscale></attr><attr><attrlabl Sync="TRUE">SNZWMC</attrlabl><attalias Sync="TRUE">SNZWMC</attalias><attrtype Sync="TRUE">String</attrtype><attwidth Sync="TRUE">12</attwidth><atprecis Sync="TRUE">0</atprecis><attscale Sync="TRUE">0</attscale></attr><attr><attrlabl Sync="TRUE">SNZWMJ</attrlabl><attalias Sync="TRUE">SNZWMJ</attalias><attrtype Sync="TRUE">Double</attrtype><attwidth Sync="TRUE">8</attwidth><atprecis Sync="TRUE">0</atprecis><attscale Sync="TRUE">0</attscale></attr><attr><attrlabl Sync="TRUE">JCYX</attrlabl><attalias Sync="TRUE">JCYX</attalias><attrtype Sync="TRUE">SmallInteger</attrtype><attwidth Sync="TRUE">2</attwidth><atprecis Sync="TRUE">0</atprecis><attscale Sync="TRUE">0</attscale></attr><attr><attrlabl Sync="TRUE">NHXM</attrlabl><attalias Sync="TRUE">NHXM</attalias><attrtype Sync="TRUE">String</attrtype><attwidth Sync="TRUE">20</attwidth><atprecis Sync="TRUE">0</atprecis><attscale Sync="TRUE">0</attscale></attr><attr><attrlabl Sync="TRUE">BZ</attrlabl><attalias Sync="TRUE">BZ</attalias><attrtype Sync="TRUE">String</attrtype><attwidth Sync="TRUE">100</attwidth><atprecis Sync="TRUE">0</atprecis><attscale Sync="TRUE">0</attscale></attr><attr><attrlabl Sync="TRUE">Shape_Length</attrlabl><attalias Sync="TRUE">Shape_Length</attalias><attrtype Sync="TRUE">Double</attrtype><attwidth Sync="TRUE">8</attwidth><atprecis Sync="TRUE">0</atprecis><attscale Sync="TRUE">0</attscale><attrdef Sync="TRUE">Length of feature in internal units.</attrdef><attrdefs Sync="TRUE">Esri</attrdefs><attrdomv><udom Sync="TRUE">Positive real numbers that are automatically generated.</udom></attrdomv></attr><attr><attrlabl Sync="TRUE">Shape_Area</attrlabl><attalias Sync="TRUE">Shape_Area</attalias><attrtype Sync="TRUE">Double</attrtype><attwidth Sync="TRUE">8</attwidth><atprecis Sync="TRUE">0</atprecis><attscale Sync="TRUE">0</attscale><attrdef Sync="TRUE">Area of feature in internal units squared.</attrdef><attrdefs Sync="TRUE">Esri</attrdefs><attrdomv><udom Sync="TRUE">Positive real numbers that are automatically generated.</udom></attrdomv></attr></detailed></eainfo><mdDateSt Sync="TRUE">20161209</mdDateSt></metadata>
